{
  "experiment_id": "baseline_balanced_20251206_170745",
  "model": "logistic_regression",
  "val_accuracy": 0.6583111111111111,
  "test_accuracy": 0.6685333333333333,
  "test_f1_macro": 0.5036030739023638,
  "features": 10000
}