{
  "experiment_id": "naive_bayes_20251206_153535",
  "model": "naive_bayes",
  "val_accuracy": 0.7238222222222223,
  "test_accuracy": 0.7276444444444444,
  "test_f1_macro": 0.507653126214821,
  "features": 10000
}