{
  "accuracy": 0.8091111111111111,
  "f1_macro": 0.608175928331169
}